sensor_id,timestamp,temperature,humidity,location,sensor_type
1062,2025-04-08 21:17:41,22.74,48.54,BuildingB_Floor2,TypeC
1079,2025-04-10 04:23:50,23.35,51.27,BuildingA_Floor2,TypeC
1035,2025-04-08 23:58:35,19.87,45.89,BuildingB_Floor2,TypeA
1048,2025-04-06 22:44:13,16.69,67.35,BuildingB_Floor2,TypeA
1100,2025-04-07 15:55:27,25.96,75.27,BuildingA_Floor1,TypeA
1028,2025-04-07 16:10:23,27.8,64.36,BuildingA_Floor1,TypeB
1019,2025-04-07 05:12:25,23.63,73.14,BuildingB_Floor2,TypeB
1017,2025-04-11 16:39:56,22.0,56.1,BuildingA_Floor1,TypeC
1063,2025-04-09 11:21:09,23.37,79.28,BuildingB_Floor2,TypeB
1056,2025-04-09 00:54:25,24.42,72.12,BuildingA_Floor2,TypeB
1012,2025-04-10 15:33:39,24.87,69.6,BuildingB_Floor2,TypeB
1042,2025-04-08 00:50:04,30.21,45.57,BuildingA_Floor1,TypeB
1069,2025-04-07 23:09:19,29.45,53.81,BuildingA_Floor2,TypeA
1063,2025-04-08 16:31:49,34.62,49.22,BuildingA_Floor2,TypeC
1043,2025-04-08 09:15:52,34.94,66.62,BuildingA_Floor2,TypeA
1015,2025-04-08 10:25:25,25.73,79.44,BuildingB_Floor2,TypeB
1099,2025-04-06 22:47:53,20.48,40.55,BuildingB_Floor1,TypeC
1067,2025-04-09 08:38:55,19.2,72.68,BuildingB_Floor2,TypeB
1055,2025-04-10 18:00:17,30.18,56.19,BuildingB_Floor2,TypeC
1051,2025-04-10 05:52:55,18.2,57.8,BuildingB_Floor2,TypeB
1071,2025-04-08 16:55:14,29.56,72.29,BuildingA_Floor2,TypeA
1077,2025-04-06 21:50:07,26.23,44.22,BuildingB_Floor1,TypeA
1080,2025-04-06 23:09:38,34.63,49.03,BuildingB_Floor1,TypeC
1077,2025-04-09 04:49:41,33.7,75.15,BuildingB_Floor1,TypeB
1030,2025-04-09 07:46:36,25.31,79.61,BuildingA_Floor2,TypeC
1028,2025-04-11 12:08:14,32.11,52.88,BuildingA_Floor2,TypeC
1012,2025-04-07 20:52:15,32.12,67.01,BuildingA_Floor2,TypeA
1000,2025-04-07 17:27:45,25.68,57.81,BuildingA_Floor2,TypeA
1038,2025-04-08 06:05:48,33.04,39.49,BuildingB_Floor2,TypeA
1087,2025-04-10 05:22:17,18.29,64.65,BuildingB_Floor2,TypeB
1090,2025-04-09 10:08:18,30.31,41.29,BuildingB_Floor2,TypeC
1075,2025-04-10 17:36:51,27.75,71.57,BuildingB_Floor1,TypeB
1089,2025-04-08 06:33:21,19.72,75.57,BuildingA_Floor2,TypeC
1035,2025-04-08 01:17:10,25.13,32.26,BuildingA_Floor2,TypeB
1072,2025-04-08 15:41:18,28.52,45.46,BuildingB_Floor2,TypeB
1026,2025-04-07 23:51:16,21.97,54.81,BuildingB_Floor1,TypeC
1090,2025-04-08 11:31:41,30.98,50.78,BuildingB_Floor1,TypeC
1085,2025-04-10 03:18:53,19.19,75.95,BuildingA_Floor2,TypeB
1035,2025-04-10 14:24:44,21.7,47.37,BuildingB_Floor2,TypeA
1046,2025-04-09 12:00:09,34.37,49.12,BuildingB_Floor1,TypeB
1089,2025-04-11 14:47:28,27.94,54.85,BuildingB_Floor2,TypeB
1032,2025-04-10 05:27:50,33.13,35.97,BuildingA_Floor1,TypeB
1094,2025-04-09 16:17:41,33.3,44.76,BuildingA_Floor2,TypeB
1039,2025-04-08 20:03:26,26.5,53.61,BuildingB_Floor2,TypeC
1048,2025-04-09 11:00:45,21.52,78.11,BuildingB_Floor1,TypeC
1066,2025-04-11 17:19:31,24.45,63.58,BuildingB_Floor2,TypeA
1000,2025-04-10 19:00:04,23.15,48.01,BuildingB_Floor1,TypeC
1091,2025-04-10 14:43:46,15.39,40.51,BuildingA_Floor2,TypeA
1052,2025-04-11 00:08:33,16.71,78.17,BuildingA_Floor2,TypeA
1043,2025-04-08 05:40:13,23.85,60.44,BuildingA_Floor1,TypeB
1002,2025-04-10 12:04:48,26.37,72.88,BuildingA_Floor1,TypeA
1031,2025-04-10 10:57:36,28.71,65.23,BuildingA_Floor2,TypeA
1064,2025-04-10 03:20:16,31.38,49.93,BuildingA_Floor1,TypeA
1028,2025-04-11 13:51:22,19.1,55.87,BuildingA_Floor1,TypeB
1034,2025-04-07 14:09:55,22.19,31.5,BuildingB_Floor2,TypeB
1032,2025-04-10 15:02:31,17.96,35.93,BuildingB_Floor1,TypeC
1080,2025-04-09 22:22:01,29.62,33.81,BuildingB_Floor1,TypeA
1079,2025-04-08 04:18:20,26.19,78.99,BuildingA_Floor2,TypeB
1064,2025-04-08 14:38:40,30.37,77.68,BuildingB_Floor2,TypeC
1069,2025-04-11 05:30:19,34.09,33.83,BuildingB_Floor1,TypeA
1001,2025-04-10 19:19:08,29.67,43.23,BuildingA_Floor2,TypeB
1030,2025-04-10 01:19:49,31.92,33.7,BuildingA_Floor1,TypeB
1091,2025-04-08 18:33:19,22.18,58.41,BuildingA_Floor1,TypeC
1079,2025-04-07 19:32:23,32.69,32.89,BuildingB_Floor2,TypeC
1056,2025-04-11 10:16:35,34.25,73.38,BuildingB_Floor1,TypeB
1065,2025-04-08 19:13:14,34.1,42.69,BuildingA_Floor2,TypeA
1088,2025-04-10 12:39:14,19.98,30.23,BuildingB_Floor1,TypeB
1030,2025-04-09 03:49:39,33.96,53.46,BuildingB_Floor2,TypeC
1037,2025-04-10 00:52:54,20.11,36.25,BuildingA_Floor2,TypeB
1071,2025-04-07 15:42:49,34.51,47.05,BuildingB_Floor1,TypeC
1068,2025-04-08 05:00:58,34.25,45.8,BuildingA_Floor2,TypeA
1085,2025-04-07 18:00:09,30.08,35.28,BuildingA_Floor1,TypeB
1014,2025-04-08 09:12:46,25.16,43.44,BuildingA_Floor2,TypeB
1038,2025-04-07 11:37:35,21.41,56.79,BuildingA_Floor1,TypeA
1094,2025-04-08 00:18:39,31.96,79.8,BuildingA_Floor1,TypeC
1093,2025-04-08 20:20:50,22.73,40.65,BuildingA_Floor2,TypeA
1039,2025-04-07 04:34:29,31.17,31.15,BuildingB_Floor2,TypeA
1084,2025-04-11 15:15:02,23.34,47.77,BuildingB_Floor1,TypeC
1017,2025-04-07 05:02:11,26.32,44.51,BuildingB_Floor2,TypeC
1089,2025-04-07 23:31:15,31.57,54.06,BuildingB_Floor2,TypeC
1098,2025-04-10 07:49:25,32.57,44.55,BuildingA_Floor1,TypeB
1027,2025-04-09 00:18:37,24.25,50.5,BuildingB_Floor1,TypeB
1081,2025-04-09 07:27:38,26.87,63.59,BuildingB_Floor1,TypeB
1098,2025-04-08 21:36:26,31.73,67.93,BuildingB_Floor1,TypeC
1065,2025-04-07 03:55:08,17.56,57.19,BuildingA_Floor2,TypeB
1056,2025-04-07 06:20:01,31.89,78.23,BuildingA_Floor1,TypeB
1016,2025-04-10 03:58:26,20.75,31.23,BuildingB_Floor1,TypeC
1029,2025-04-08 21:29:33,20.51,53.03,BuildingB_Floor1,TypeC
1090,2025-04-11 11:38:09,33.3,31.86,BuildingA_Floor2,TypeB
1016,2025-04-09 20:43:29,34.21,33.11,BuildingA_Floor1,TypeB
1008,2025-04-09 01:42:35,24.31,66.27,BuildingA_Floor2,TypeA
1098,2025-04-08 01:19:31,23.23,37.44,BuildingA_Floor2,TypeC
1078,2025-04-07 10:27:40,32.99,33.84,BuildingB_Floor2,TypeA
1054,2025-04-07 01:05:04,24.16,56.07,BuildingB_Floor1,TypeC
1066,2025-04-10 08:52:49,30.0,70.17,BuildingA_Floor1,TypeC
1099,2025-04-11 04:03:39,31.26,35.43,BuildingA_Floor2,TypeA
1022,2025-04-08 05:11:36,29.33,30.27,BuildingB_Floor1,TypeC
1010,2025-04-07 01:17:46,25.38,69.98,BuildingA_Floor1,TypeA
1089,2025-04-07 12:43:34,15.66,35.23,BuildingA_Floor1,TypeA
1071,2025-04-08 04:51:45,20.89,37.77,BuildingA_Floor1,TypeB
1037,2025-04-11 06:10:41,32.13,76.64,BuildingB_Floor2,TypeB
1012,2025-04-07 05:26:02,33.43,64.83,BuildingA_Floor1,TypeC
1029,2025-04-09 19:22:34,19.88,34.51,BuildingB_Floor2,TypeA
1041,2025-04-07 22:56:46,20.13,67.95,BuildingB_Floor1,TypeA
1003,2025-04-10 15:05:12,21.93,35.23,BuildingB_Floor1,TypeB
1045,2025-04-10 07:48:51,26.34,48.41,BuildingB_Floor2,TypeB
1047,2025-04-08 05:36:08,32.22,60.4,BuildingB_Floor1,TypeB
1063,2025-04-10 14:24:31,28.7,70.29,BuildingA_Floor2,TypeB
1035,2025-04-07 08:09:21,27.15,66.72,BuildingB_Floor2,TypeC
1042,2025-04-06 21:30:20,23.0,43.88,BuildingA_Floor1,TypeC
1070,2025-04-11 04:17:24,17.16,61.03,BuildingB_Floor1,TypeC
1084,2025-04-10 04:47:58,20.99,49.18,BuildingA_Floor2,TypeB
1077,2025-04-07 11:41:43,25.89,68.65,BuildingA_Floor2,TypeB
1089,2025-04-07 03:53:34,28.16,72.75,BuildingB_Floor2,TypeC
1015,2025-04-10 01:46:46,19.87,55.98,BuildingA_Floor1,TypeC
1086,2025-04-09 00:01:42,19.42,56.18,BuildingA_Floor1,TypeC
1034,2025-04-09 03:06:50,33.22,40.93,BuildingA_Floor1,TypeC
1025,2025-04-08 07:22:22,31.91,77.8,BuildingA_Floor2,TypeB
1098,2025-04-07 20:55:32,18.02,51.49,BuildingB_Floor1,TypeC
1093,2025-04-10 12:06:35,26.26,37.38,BuildingB_Floor1,TypeA
1085,2025-04-10 23:06:51,27.73,58.32,BuildingA_Floor2,TypeA
1032,2025-04-07 04:14:19,31.7,78.75,BuildingB_Floor1,TypeB
1072,2025-04-08 08:11:46,19.28,31.98,BuildingB_Floor1,TypeA
1041,2025-04-07 21:53:06,28.06,45.72,BuildingB_Floor1,TypeC
1061,2025-04-06 22:57:52,27.73,40.6,BuildingB_Floor1,TypeC
1022,2025-04-08 21:02:59,22.79,62.79,BuildingA_Floor2,TypeC
1043,2025-04-07 14:48:13,32.27,55.91,BuildingA_Floor2,TypeB
1051,2025-04-09 13:51:46,33.09,33.48,BuildingA_Floor1,TypeA
1028,2025-04-07 08:06:45,16.58,70.39,BuildingA_Floor2,TypeA
1043,2025-04-10 23:20:29,18.09,67.43,BuildingB_Floor2,TypeA
1032,2025-04-11 14:11:54,30.6,59.99,BuildingA_Floor2,TypeB
1090,2025-04-08 10:03:27,24.23,37.24,BuildingA_Floor1,TypeC
1037,2025-04-09 20:32:31,22.3,72.48,BuildingB_Floor1,TypeB
1086,2025-04-08 00:45:27,22.87,63.89,BuildingB_Floor1,TypeC
1066,2025-04-10 15:38:45,28.95,69.55,BuildingA_Floor1,TypeC
1017,2025-04-11 01:54:43,33.58,41.07,BuildingA_Floor1,TypeC
1025,2025-04-11 12:09:09,15.64,67.22,BuildingA_Floor1,TypeC
1033,2025-04-08 01:34:44,20.23,34.33,BuildingB_Floor2,TypeC
1033,2025-04-07 11:09:44,29.98,51.98,BuildingA_Floor2,TypeB
1060,2025-04-07 05:35:58,23.88,50.43,BuildingB_Floor2,TypeC
1083,2025-04-09 19:38:41,33.47,52.25,BuildingB_Floor2,TypeC
1068,2025-04-07 03:29:44,34.13,39.87,BuildingB_Floor1,TypeC
1054,2025-04-10 20:39:22,26.76,43.09,BuildingB_Floor2,TypeA
1047,2025-04-11 07:37:13,18.44,52.09,BuildingB_Floor2,TypeA
1057,2025-04-08 12:37:34,25.32,35.12,BuildingB_Floor1,TypeB
1077,2025-04-10 13:01:33,25.43,56.21,BuildingA_Floor1,TypeB
1062,2025-04-08 11:52:14,29.25,42.12,BuildingA_Floor1,TypeB
1090,2025-04-08 09:03:56,19.02,46.38,BuildingA_Floor1,TypeA
1037,2025-04-10 01:29:16,28.47,69.87,BuildingA_Floor1,TypeC
1057,2025-04-08 23:47:54,15.15,37.31,BuildingB_Floor2,TypeA
1096,2025-04-10 01:32:30,17.11,33.87,BuildingB_Floor1,TypeC
1093,2025-04-10 16:44:36,23.95,33.69,BuildingA_Floor1,TypeC
1020,2025-04-10 02:37:14,15.14,67.21,BuildingA_Floor2,TypeC
1037,2025-04-10 07:49:21,23.13,40.62,BuildingA_Floor1,TypeA
1085,2025-04-07 18:01:59,31.85,32.43,BuildingB_Floor1,TypeA
1052,2025-04-11 07:05:41,21.85,53.11,BuildingB_Floor2,TypeB
1006,2025-04-09 03:28:03,28.07,76.92,BuildingA_Floor2,TypeB
1039,2025-04-07 15:44:10,26.39,41.91,BuildingA_Floor2,TypeB
1044,2025-04-09 11:47:23,24.37,33.12,BuildingB_Floor2,TypeB
1028,2025-04-07 10:28:52,17.28,71.94,BuildingA_Floor1,TypeB
1091,2025-04-09 16:53:34,30.4,70.98,BuildingA_Floor2,TypeB
1015,2025-04-09 05:17:17,34.41,66.58,BuildingB_Floor1,TypeC
1023,2025-04-08 13:00:09,34.62,40.08,BuildingB_Floor1,TypeA
1083,2025-04-08 12:39:12,18.62,59.41,BuildingB_Floor1,TypeA
1092,2025-04-10 04:42:16,20.36,37.47,BuildingA_Floor2,TypeB
1082,2025-04-11 08:20:20,20.01,67.15,BuildingB_Floor2,TypeB
1003,2025-04-09 19:48:09,34.55,71.2,BuildingB_Floor1,TypeA
1086,2025-04-10 19:03:20,26.84,52.83,BuildingA_Floor1,TypeA
1057,2025-04-09 09:15:54,29.41,55.93,BuildingB_Floor1,TypeA
1061,2025-04-10 12:27:13,25.99,46.75,BuildingA_Floor1,TypeC
1022,2025-04-11 12:16:52,28.23,70.31,BuildingA_Floor2,TypeC
1076,2025-04-09 11:51:08,20.35,38.4,BuildingB_Floor1,TypeA
1000,2025-04-08 14:18:28,26.47,43.37,BuildingA_Floor2,TypeB
1029,2025-04-07 18:17:21,28.24,73.55,BuildingB_Floor1,TypeA
1037,2025-04-09 00:13:07,28.57,38.64,BuildingB_Floor1,TypeB
1063,2025-04-10 16:32:59,29.86,55.33,BuildingB_Floor1,TypeB
1010,2025-04-08 13:19:39,33.25,39.23,BuildingA_Floor2,TypeA
1052,2025-04-07 03:35:21,24.39,48.55,BuildingB_Floor2,TypeC
1004,2025-04-07 09:41:53,34.4,40.26,BuildingA_Floor1,TypeC
1087,2025-04-10 00:33:46,17.34,65.06,BuildingB_Floor1,TypeC
1057,2025-04-11 06:43:50,29.7,57.53,BuildingA_Floor2,TypeA
1087,2025-04-08 12:50:05,32.79,66.33,BuildingB_Floor2,TypeB
1032,2025-04-08 09:33:36,30.67,31.56,BuildingB_Floor2,TypeA
1084,2025-04-09 00:51:37,18.55,56.12,BuildingA_Floor1,TypeA
1052,2025-04-10 05:04:42,19.0,63.69,BuildingA_Floor1,TypeB
1018,2025-04-07 17:15:15,24.75,65.16,BuildingA_Floor2,TypeC
1099,2025-04-10 17:59:40,22.28,47.73,BuildingB_Floor2,TypeA
1052,2025-04-09 03:47:47,30.27,57.57,BuildingB_Floor1,TypeA
1003,2025-04-09 02:45:55,27.0,70.65,BuildingB_Floor1,TypeC
1058,2025-04-07 19:29:42,21.6,34.62,BuildingA_Floor2,TypeC
1062,2025-04-11 11:09:17,15.63,61.29,BuildingA_Floor2,TypeB
1097,2025-04-11 20:08:15,32.43,54.82,BuildingB_Floor2,TypeC
1003,2025-04-10 18:32:09,29.17,59.48,BuildingB_Floor1,TypeC
1026,2025-04-10 19:24:53,33.57,61.64,BuildingB_Floor2,TypeC
1016,2025-04-11 10:26:23,15.04,39.0,BuildingA_Floor2,TypeA
1004,2025-04-06 21:51:45,26.33,47.2,BuildingA_Floor1,TypeC
1080,2025-04-08 15:40:41,27.32,60.36,BuildingA_Floor2,TypeA
1025,2025-04-08 18:26:21,25.47,78.1,BuildingA_Floor2,TypeA
1054,2025-04-09 14:02:16,20.33,47.75,BuildingA_Floor1,TypeC
1029,2025-04-07 10:15:45,18.9,57.35,BuildingB_Floor1,TypeB
1091,2025-04-11 14:17:52,16.72,68.1,BuildingB_Floor2,TypeA
1051,2025-04-09 10:25:55,19.27,52.08,BuildingA_Floor1,TypeC
1047,2025-04-08 07:06:50,16.79,63.12,BuildingA_Floor1,TypeC
1087,2025-04-08 09:39:40,18.95,64.74,BuildingB_Floor1,TypeA
1087,2025-04-10 17:29:38,21.79,69.42,BuildingA_Floor1,TypeC
1006,2025-04-11 02:01:17,19.47,74.98,BuildingA_Floor1,TypeB
1019,2025-04-09 03:27:34,27.4,55.98,BuildingA_Floor1,TypeA
1035,2025-04-08 16:06:14,17.81,56.77,BuildingB_Floor1,TypeA
1036,2025-04-08 12:39:12,33.02,63.18,BuildingB_Floor1,TypeC
1032,2025-04-10 21:41:50,34.09,35.99,BuildingB_Floor1,TypeC
1064,2025-04-08 20:37:52,29.99,31.94,BuildingB_Floor2,TypeB
1012,2025-04-10 14:49:11,18.8,68.71,BuildingB_Floor1,TypeB
1038,2025-04-09 22:29:09,18.43,77.96,BuildingA_Floor2,TypeB
1033,2025-04-07 20:38:55,27.56,52.65,BuildingA_Floor2,TypeC
1026,2025-04-09 17:34:15,31.73,64.47,BuildingA_Floor2,TypeC
1006,2025-04-08 09:47:36,26.83,61.42,BuildingB_Floor1,TypeB
1024,2025-04-08 02:10:44,25.92,32.47,BuildingA_Floor2,TypeB
1036,2025-04-08 19:42:24,15.61,50.24,BuildingA_Floor1,TypeC
1066,2025-04-11 16:42:50,15.39,69.76,BuildingA_Floor2,TypeB
1081,2025-04-08 21:56:47,29.28,59.55,BuildingA_Floor1,TypeA
1094,2025-04-10 04:40:17,31.26,35.68,BuildingA_Floor2,TypeB
1075,2025-04-08 16:57:34,21.71,59.57,BuildingA_Floor2,TypeB
1039,2025-04-07 23:29:31,26.68,56.94,BuildingB_Floor2,TypeC
1098,2025-04-08 18:11:12,30.53,68.89,BuildingB_Floor2,TypeA
1097,2025-04-10 19:42:08,30.66,59.14,BuildingB_Floor2,TypeA
1011,2025-04-10 03:30:56,32.01,34.22,BuildingA_Floor2,TypeB
1019,2025-04-09 20:22:26,34.39,59.11,BuildingB_Floor2,TypeB
1056,2025-04-09 14:05:32,31.2,35.55,BuildingB_Floor2,TypeA
1048,2025-04-11 00:40:01,23.95,44.3,BuildingA_Floor1,TypeC
1093,2025-04-07 16:33:51,30.3,79.04,BuildingA_Floor2,TypeA
1030,2025-04-06 22:06:16,22.38,59.31,BuildingA_Floor2,TypeA
1058,2025-04-09 05:07:03,17.43,48.3,BuildingB_Floor2,TypeB
1016,2025-04-08 18:55:11,24.37,46.37,BuildingA_Floor1,TypeC
1065,2025-04-07 04:56:31,17.63,65.67,BuildingA_Floor1,TypeC
1096,2025-04-08 22:17:40,15.14,63.55,BuildingB_Floor2,TypeA
1042,2025-04-06 20:30:54,21.03,60.03,BuildingA_Floor2,TypeB
1053,2025-04-10 06:07:17,19.48,32.41,BuildingB_Floor2,TypeA
1009,2025-04-10 08:51:09,24.88,55.6,BuildingB_Floor2,TypeA
1083,2025-04-07 18:58:51,22.98,50.15,BuildingB_Floor2,TypeA
1081,2025-04-10 21:44:25,33.27,62.98,BuildingA_Floor1,TypeB
1028,2025-04-11 05:08:07,16.47,40.57,BuildingB_Floor1,TypeC
1027,2025-04-11 12:21:44,27.39,48.65,BuildingB_Floor1,TypeB
1036,2025-04-08 15:42:40,17.83,44.85,BuildingB_Floor1,TypeC
1024,2025-04-10 12:25:08,32.22,53.7,BuildingB_Floor2,TypeC
1028,2025-04-10 07:31:51,22.44,36.93,BuildingB_Floor1,TypeC
1021,2025-04-09 13:56:42,16.76,50.28,BuildingA_Floor2,TypeB
1070,2025-04-08 23:50:28,19.79,51.94,BuildingA_Floor1,TypeC
1012,2025-04-07 22:10:07,30.13,78.78,BuildingA_Floor2,TypeB
1019,2025-04-08 13:41:00,16.02,60.23,BuildingB_Floor2,TypeC
1045,2025-04-10 05:43:50,30.3,41.09,BuildingB_Floor2,TypeC
1070,2025-04-11 00:54:25,16.95,63.1,BuildingB_Floor2,TypeB
1029,2025-04-09 22:13:32,18.42,48.88,BuildingB_Floor2,TypeB
1015,2025-04-10 10:04:49,26.63,43.01,BuildingA_Floor1,TypeC
1096,2025-04-07 10:41:58,32.47,36.69,BuildingA_Floor1,TypeB
1029,2025-04-09 14:08:50,17.27,39.02,BuildingB_Floor1,TypeC
1020,2025-04-10 18:26:32,25.61,72.78,BuildingB_Floor2,TypeA
1094,2025-04-10 11:21:00,32.68,75.18,BuildingA_Floor2,TypeC
1040,2025-04-07 17:19:23,24.46,34.63,BuildingB_Floor1,TypeC
1040,2025-04-08 12:49:46,29.4,51.87,BuildingA_Floor1,TypeA
1066,2025-04-07 23:26:16,21.5,75.31,BuildingB_Floor2,TypeC
1066,2025-04-07 01:54:43,25.44,70.86,BuildingA_Floor1,TypeA
1073,2025-04-11 08:49:03,28.24,30.83,BuildingA_Floor1,TypeB
1012,2025-04-10 12:23:24,26.01,78.96,BuildingB_Floor1,TypeA
1002,2025-04-11 14:43:23,19.33,36.44,BuildingA_Floor1,TypeC
1015,2025-04-08 08:59:28,18.77,56.09,BuildingB_Floor2,TypeA
1086,2025-04-09 01:40:39,20.66,36.88,BuildingA_Floor2,TypeB
1011,2025-04-11 04:09:50,32.38,64.81,BuildingB_Floor2,TypeA
1031,2025-04-08 20:39:49,31.73,61.61,BuildingA_Floor2,TypeA
1056,2025-04-10 04:57:35,25.32,60.16,BuildingB_Floor2,TypeC
1028,2025-04-10 07:49:10,17.76,38.38,BuildingA_Floor2,TypeA
1040,2025-04-10 17:48:59,24.62,65.7,BuildingA_Floor2,TypeB
1003,2025-04-11 11:44:10,31.74,66.51,BuildingB_Floor1,TypeA
1000,2025-04-11 07:45:57,31.6,60.33,BuildingA_Floor1,TypeB
1080,2025-04-10 02:14:29,18.41,59.58,BuildingB_Floor2,TypeB
1099,2025-04-11 12:22:28,20.36,74.46,BuildingB_Floor1,TypeA
1062,2025-04-10 17:01:13,15.83,70.39,BuildingB_Floor1,TypeC
1022,2025-04-10 15:55:10,23.92,51.18,BuildingB_Floor2,TypeB
1012,2025-04-10 12:08:59,23.87,59.73,BuildingB_Floor2,TypeB
1016,2025-04-11 10:04:30,26.55,76.82,BuildingA_Floor1,TypeB
1025,2025-04-11 11:38:23,30.62,30.39,BuildingB_Floor1,TypeB
1022,2025-04-11 05:06:46,34.38,57.02,BuildingB_Floor1,TypeB
1012,2025-04-09 16:10:48,15.22,57.99,BuildingA_Floor1,TypeC
1091,2025-04-08 12:16:15,33.41,71.11,BuildingB_Floor2,TypeA
1017,2025-04-10 00:43:11,21.03,56.6,BuildingB_Floor1,TypeA
1054,2025-04-06 21:47:31,21.16,35.56,BuildingA_Floor1,TypeB
1061,2025-04-10 20:03:36,27.09,56.92,BuildingA_Floor2,TypeC
1086,2025-04-07 05:17:21,24.3,39.06,BuildingB_Floor1,TypeC
1049,2025-04-08 15:19:36,24.12,35.04,BuildingB_Floor1,TypeA
1026,2025-04-10 09:40:05,17.64,33.62,BuildingA_Floor2,TypeB
1069,2025-04-07 18:44:56,24.14,72.45,BuildingA_Floor1,TypeB
1021,2025-04-10 03:44:05,17.27,38.61,BuildingA_Floor1,TypeA
1090,2025-04-07 12:42:25,29.28,41.61,BuildingB_Floor1,TypeA
1036,2025-04-08 18:28:06,20.77,42.77,BuildingB_Floor1,TypeC
1038,2025-04-11 08:12:29,27.39,48.31,BuildingB_Floor1,TypeA
1046,2025-04-08 15:28:09,21.37,60.16,BuildingA_Floor2,TypeA
1045,2025-04-09 19:31:25,30.64,43.25,BuildingA_Floor1,TypeA
1013,2025-04-07 11:58:22,20.13,75.66,BuildingA_Floor2,TypeC
1063,2025-04-10 13:54:15,26.91,56.06,BuildingA_Floor1,TypeA
1008,2025-04-11 19:06:50,24.85,38.5,BuildingA_Floor1,TypeB
1090,2025-04-10 22:23:39,30.94,46.07,BuildingB_Floor2,TypeA
1032,2025-04-10 16:24:15,32.6,54.92,BuildingA_Floor2,TypeB
1025,2025-04-10 06:12:54,20.59,68.84,BuildingB_Floor2,TypeC
1100,2025-04-11 10:08:38,22.95,31.24,BuildingB_Floor2,TypeA
1062,2025-04-10 18:54:05,22.56,59.59,BuildingA_Floor1,TypeC
1083,2025-04-09 02:55:34,32.93,42.94,BuildingB_Floor1,TypeA
1091,2025-04-11 13:02:22,15.09,57.67,BuildingA_Floor2,TypeA
1007,2025-04-11 16:07:15,22.48,36.46,BuildingB_Floor2,TypeB
1005,2025-04-10 04:24:44,22.88,69.45,BuildingB_Floor1,TypeA
1092,2025-04-09 16:11:16,28.08,52.02,BuildingA_Floor2,TypeC
1042,2025-04-11 19:07:59,32.78,76.74,BuildingB_Floor2,TypeA
1100,2025-04-08 19:27:24,26.0,36.89,BuildingB_Floor2,TypeA
1053,2025-04-09 10:55:41,34.94,45.82,BuildingA_Floor1,TypeC
1064,2025-04-10 17:31:04,17.48,52.2,BuildingB_Floor1,TypeB
1080,2025-04-11 00:29:11,15.62,36.16,BuildingB_Floor2,TypeA
1042,2025-04-07 14:21:53,28.22,67.09,BuildingA_Floor2,TypeC
1053,2025-04-08 08:33:36,24.91,37.11,BuildingA_Floor2,TypeB
1096,2025-04-07 15:44:54,15.83,50.68,BuildingA_Floor1,TypeA
1091,2025-04-11 19:16:34,15.76,79.8,BuildingB_Floor1,TypeB
1096,2025-04-09 02:27:06,25.26,31.43,BuildingB_Floor1,TypeC
1076,2025-04-07 08:13:57,33.42,41.59,BuildingB_Floor1,TypeC
1097,2025-04-09 18:29:45,20.09,49.01,BuildingB_Floor1,TypeC
1092,2025-04-07 15:59:18,19.15,53.01,BuildingB_Floor2,TypeC
1005,2025-04-10 15:41:26,16.07,41.96,BuildingA_Floor2,TypeA
1036,2025-04-09 07:10:53,28.73,32.25,BuildingB_Floor2,TypeC
1012,2025-04-08 08:36:51,18.25,46.76,BuildingA_Floor2,TypeB
1030,2025-04-09 00:58:29,24.01,33.06,BuildingB_Floor2,TypeC
1026,2025-04-11 03:58:58,28.26,36.93,BuildingB_Floor1,TypeA
1038,2025-04-10 14:57:45,15.11,30.19,BuildingA_Floor2,TypeC
1094,2025-04-09 23:06:07,26.82,68.13,BuildingA_Floor1,TypeC
1047,2025-04-08 17:01:33,32.11,37.72,BuildingA_Floor1,TypeB
1084,2025-04-10 00:35:04,30.35,47.6,BuildingA_Floor2,TypeA
1100,2025-04-11 07:50:58,15.75,42.56,BuildingB_Floor2,TypeA
1028,2025-04-10 06:07:41,34.14,73.97,BuildingB_Floor2,TypeC
1016,2025-04-09 06:08:18,28.46,30.77,BuildingB_Floor1,TypeC
1080,2025-04-11 04:24:49,31.86,46.01,BuildingA_Floor2,TypeB
1100,2025-04-10 15:24:55,23.49,75.26,BuildingB_Floor2,TypeC
1089,2025-04-09 12:41:01,20.61,47.35,BuildingA_Floor2,TypeC
1044,2025-04-10 12:41:59,20.11,43.28,BuildingB_Floor2,TypeB
1055,2025-04-10 16:57:50,28.57,65.26,BuildingB_Floor1,TypeB
1027,2025-04-10 21:33:27,17.34,35.71,BuildingA_Floor1,TypeB
1069,2025-04-11 20:19:30,31.72,74.28,BuildingA_Floor1,TypeC
1096,2025-04-07 14:19:44,22.5,44.25,BuildingA_Floor1,TypeA
1047,2025-04-07 03:47:12,24.66,49.11,BuildingB_Floor1,TypeA
1030,2025-04-10 02:01:17,17.03,61.56,BuildingB_Floor2,TypeA
1012,2025-04-11 05:29:33,28.54,78.41,BuildingB_Floor2,TypeB
1083,2025-04-10 13:17:39,23.37,66.44,BuildingB_Floor2,TypeA
1031,2025-04-09 09:27:04,32.41,78.27,BuildingA_Floor1,TypeC
1064,2025-04-07 19:13:49,28.37,65.92,BuildingA_Floor1,TypeB
1012,2025-04-08 21:42:37,25.92,66.62,BuildingB_Floor1,TypeA
1003,2025-04-10 02:53:18,22.02,44.17,BuildingB_Floor1,TypeB
1071,2025-04-08 00:24:26,17.03,49.37,BuildingB_Floor1,TypeA
1011,2025-04-09 16:39:29,22.79,58.11,BuildingB_Floor1,TypeB
1039,2025-04-08 10:10:07,22.01,73.74,BuildingA_Floor2,TypeB
1006,2025-04-10 17:38:55,17.27,37.91,BuildingA_Floor2,TypeB
1071,2025-04-11 19:40:00,26.05,34.33,BuildingA_Floor1,TypeB
1051,2025-04-11 14:47:05,18.43,53.1,BuildingA_Floor2,TypeC
1005,2025-04-07 19:21:09,28.13,39.62,BuildingB_Floor1,TypeA
1011,2025-04-08 06:07:29,15.9,64.82,BuildingA_Floor1,TypeC
1088,2025-04-11 19:44:55,19.2,42.01,BuildingB_Floor1,TypeA
1034,2025-04-07 14:48:58,26.08,77.33,BuildingB_Floor1,TypeC
1060,2025-04-10 22:06:28,19.15,42.59,BuildingA_Floor2,TypeB
1025,2025-04-08 09:07:58,31.79,44.55,BuildingB_Floor2,TypeA
1011,2025-04-10 09:20:36,18.61,77.76,BuildingB_Floor1,TypeB
1063,2025-04-07 02:27:30,31.07,51.17,BuildingA_Floor1,TypeB
1054,2025-04-11 06:35:11,29.09,69.05,BuildingA_Floor2,TypeB
1056,2025-04-09 20:32:27,30.76,77.31,BuildingB_Floor2,TypeA
1034,2025-04-07 02:56:29,26.05,47.08,BuildingB_Floor1,TypeB
1084,2025-04-08 11:08:14,25.47,40.24,BuildingA_Floor1,TypeA
1035,2025-04-10 15:09:56,16.76,60.12,BuildingA_Floor2,TypeA
1092,2025-04-11 08:35:13,17.72,57.0,BuildingB_Floor1,TypeB
1065,2025-04-07 23:02:04,27.96,32.28,BuildingA_Floor2,TypeA
1039,2025-04-08 16:07:51,34.01,74.74,BuildingB_Floor2,TypeC
1050,2025-04-07 01:08:04,28.62,76.71,BuildingA_Floor1,TypeB
1076,2025-04-07 15:20:35,17.87,43.02,BuildingA_Floor2,TypeC
1054,2025-04-09 15:27:55,25.69,47.61,BuildingA_Floor2,TypeB
1081,2025-04-07 21:11:11,30.65,42.52,BuildingB_Floor1,TypeC
1094,2025-04-09 00:55:24,28.54,69.51,BuildingA_Floor2,TypeC
1066,2025-04-09 23:23:21,34.53,46.27,BuildingA_Floor2,TypeC
1035,2025-04-09 13:31:40,23.13,33.24,BuildingB_Floor2,TypeA
1046,2025-04-09 00:33:10,23.36,53.61,BuildingB_Floor2,TypeB
1073,2025-04-11 07:47:35,29.41,46.21,BuildingB_Floor1,TypeA
1068,2025-04-10 12:04:25,30.42,33.42,BuildingA_Floor2,TypeA
1075,2025-04-09 13:40:28,28.11,48.37,BuildingB_Floor1,TypeA
1021,2025-04-09 16:36:02,20.94,58.39,BuildingB_Floor2,TypeC
1088,2025-04-07 04:12:28,26.44,79.94,BuildingB_Floor2,TypeA
1022,2025-04-07 06:09:48,25.85,48.96,BuildingA_Floor2,TypeB
1073,2025-04-08 03:30:58,30.84,66.03,BuildingA_Floor2,TypeA
1075,2025-04-07 04:12:26,27.46,73.53,BuildingA_Floor1,TypeC
1002,2025-04-09 14:05:59,15.84,51.8,BuildingA_Floor2,TypeB
1016,2025-04-11 18:47:21,19.72,44.46,BuildingA_Floor2,TypeC
1009,2025-04-11 05:43:31,15.15,34.08,BuildingB_Floor1,TypeC
1067,2025-04-10 21:43:06,27.02,37.57,BuildingB_Floor1,TypeA
1046,2025-04-09 01:36:10,20.29,63.02,BuildingA_Floor1,TypeA
1056,2025-04-08 00:01:40,19.48,55.0,BuildingA_Floor1,TypeC
1044,2025-04-11 04:09:33,21.69,64.0,BuildingB_Floor1,TypeA
1058,2025-04-07 20:55:18,22.55,59.52,BuildingB_Floor1,TypeC
1023,2025-04-11 02:55:21,21.89,69.58,BuildingB_Floor2,TypeC
1035,2025-04-09 03:27:07,26.41,41.07,BuildingA_Floor2,TypeC
1009,2025-04-09 09:32:40,16.75,32.82,BuildingB_Floor2,TypeC
1033,2025-04-10 16:34:33,27.45,70.48,BuildingB_Floor1,TypeA
1065,2025-04-07 06:59:39,19.63,79.39,BuildingB_Floor1,TypeB
1041,2025-04-10 19:43:19,15.04,49.53,BuildingB_Floor1,TypeA
1062,2025-04-11 09:24:14,23.88,67.63,BuildingA_Floor1,TypeC
1013,2025-04-07 18:54:56,18.86,42.04,BuildingB_Floor1,TypeC
1064,2025-04-06 23:43:52,34.01,48.15,BuildingB_Floor2,TypeA
1086,2025-04-10 06:23:07,20.48,78.7,BuildingA_Floor2,TypeA
1006,2025-04-10 09:17:26,23.54,76.11,BuildingB_Floor1,TypeB
1029,2025-04-11 08:55:14,29.64,78.92,BuildingB_Floor2,TypeC
1045,2025-04-10 02:44:55,18.88,32.1,BuildingB_Floor1,TypeC
1049,2025-04-09 16:28:57,28.2,36.9,BuildingB_Floor2,TypeB
1034,2025-04-08 06:23:29,22.51,47.31,BuildingA_Floor1,TypeB
1011,2025-04-07 20:51:15,18.02,74.97,BuildingA_Floor1,TypeB
1003,2025-04-08 22:59:29,34.24,43.12,BuildingA_Floor2,TypeA
1077,2025-04-09 17:09:10,22.97,65.26,BuildingA_Floor2,TypeA
1089,2025-04-11 14:28:45,28.09,60.32,BuildingA_Floor1,TypeB
1047,2025-04-08 10:24:19,34.81,58.1,BuildingA_Floor1,TypeA
1046,2025-04-09 13:13:40,18.9,32.98,BuildingB_Floor1,TypeC
1077,2025-04-08 17:47:12,33.97,52.32,BuildingA_Floor1,TypeB
1025,2025-04-07 10:49:55,15.67,78.44,BuildingA_Floor1,TypeA
1073,2025-04-10 15:31:51,25.15,31.82,BuildingA_Floor2,TypeB
1005,2025-04-10 02:20:16,26.4,55.1,BuildingB_Floor1,TypeC
1096,2025-04-07 08:34:56,21.08,62.08,BuildingB_Floor2,TypeB
1039,2025-04-07 15:35:08,18.88,33.91,BuildingA_Floor2,TypeB
1051,2025-04-09 00:11:33,15.95,42.95,BuildingA_Floor1,TypeB
1091,2025-04-09 06:56:14,31.75,74.18,BuildingB_Floor1,TypeA
1017,2025-04-07 21:42:51,23.88,50.07,BuildingB_Floor1,TypeA
1068,2025-04-07 15:46:12,17.38,64.59,BuildingA_Floor2,TypeC
1086,2025-04-10 13:35:36,28.68,60.42,BuildingA_Floor2,TypeA
1027,2025-04-08 02:09:11,15.45,72.01,BuildingB_Floor1,TypeA
1023,2025-04-08 19:46:47,33.2,61.67,BuildingA_Floor1,TypeB
1000,2025-04-08 00:39:08,31.83,77.31,BuildingA_Floor2,TypeB
1086,2025-04-08 21:54:07,24.14,48.12,BuildingB_Floor2,TypeC
1001,2025-04-09 16:14:56,22.14,37.82,BuildingB_Floor1,TypeB
1065,2025-04-10 12:44:08,31.81,78.14,BuildingB_Floor1,TypeA
1077,2025-04-10 17:51:21,29.55,51.31,BuildingB_Floor2,TypeB
1009,2025-04-06 20:58:53,21.22,77.49,BuildingA_Floor1,TypeC
1079,2025-04-08 07:21:45,28.23,52.45,BuildingB_Floor2,TypeC
1023,2025-04-06 23:34:18,25.19,71.38,BuildingB_Floor1,TypeB
1028,2025-04-10 14:48:22,34.58,75.81,BuildingB_Floor1,TypeC
1009,2025-04-07 17:28:46,24.72,69.41,BuildingA_Floor1,TypeC
1028,2025-04-09 07:36:43,23.15,62.31,BuildingB_Floor2,TypeB
1050,2025-04-07 10:06:55,15.57,53.64,BuildingB_Floor1,TypeB
1010,2025-04-07 23:28:54,24.81,61.61,BuildingB_Floor1,TypeB
1055,2025-04-10 08:50:00,25.82,44.98,BuildingB_Floor2,TypeC
1007,2025-04-08 12:56:37,31.1,67.35,BuildingA_Floor2,TypeC
1000,2025-04-07 07:29:12,15.44,36.41,BuildingA_Floor2,TypeB
1078,2025-04-11 14:22:33,20.82,62.42,BuildingA_Floor1,TypeA
1057,2025-04-09 00:18:08,22.62,78.27,BuildingB_Floor2,TypeA
1038,2025-04-10 17:10:40,32.27,32.51,BuildingB_Floor1,TypeA
1001,2025-04-07 20:58:14,25.62,34.71,BuildingA_Floor2,TypeC
1069,2025-04-10 01:56:01,24.46,71.71,BuildingB_Floor1,TypeB
1057,2025-04-10 09:01:59,32.66,46.84,BuildingB_Floor2,TypeC
1089,2025-04-10 21:56:30,20.04,77.49,BuildingB_Floor2,TypeC
1005,2025-04-11 03:45:51,32.16,59.34,BuildingA_Floor2,TypeC
1031,2025-04-09 09:12:10,30.94,34.57,BuildingA_Floor2,TypeA
1042,2025-04-10 19:21:04,30.79,70.87,BuildingA_Floor2,TypeA
1002,2025-04-10 01:16:21,24.74,36.83,BuildingB_Floor2,TypeA
1060,2025-04-11 05:00:36,28.79,62.82,BuildingA_Floor1,TypeB
1026,2025-04-10 02:02:35,18.07,69.26,BuildingA_Floor1,TypeC
1099,2025-04-11 07:19:03,22.43,64.99,BuildingA_Floor1,TypeB
1084,2025-04-11 17:23:17,32.06,51.52,BuildingA_Floor1,TypeB
1034,2025-04-08 14:16:07,16.33,34.22,BuildingA_Floor1,TypeA
1081,2025-04-08 09:07:47,16.67,70.23,BuildingB_Floor1,TypeA
1087,2025-04-07 21:50:18,27.3,44.14,BuildingB_Floor1,TypeA
1044,2025-04-09 14:50:33,18.89,63.74,BuildingB_Floor1,TypeA
1051,2025-04-10 14:43:55,27.67,37.86,BuildingB_Floor2,TypeC
1023,2025-04-11 06:50:23,18.41,32.45,BuildingA_Floor1,TypeA
1027,2025-04-10 03:06:16,25.69,50.01,BuildingA_Floor1,TypeA
1091,2025-04-07 15:56:43,28.43,67.06,BuildingA_Floor1,TypeB
1040,2025-04-08 19:21:29,30.1,53.35,BuildingB_Floor1,TypeC
1037,2025-04-06 22:14:10,15.18,32.78,BuildingA_Floor2,TypeB
1058,2025-04-07 11:52:30,18.14,51.41,BuildingA_Floor2,TypeA
1001,2025-04-10 11:14:00,18.32,42.68,BuildingA_Floor1,TypeB
1090,2025-04-07 21:30:30,33.47,49.43,BuildingA_Floor1,TypeC
1076,2025-04-11 16:52:28,23.67,51.43,BuildingB_Floor2,TypeA
1005,2025-04-07 04:08:43,25.7,40.2,BuildingA_Floor2,TypeC
1006,2025-04-10 12:43:14,25.92,77.32,BuildingB_Floor1,TypeB
1063,2025-04-08 16:04:08,16.96,49.53,BuildingA_Floor2,TypeC
1026,2025-04-10 18:20:00,17.33,72.02,BuildingA_Floor1,TypeB
1099,2025-04-09 23:15:51,29.18,43.38,BuildingB_Floor1,TypeC
1038,2025-04-07 16:06:46,15.76,45.0,BuildingA_Floor2,TypeC
1060,2025-04-09 22:17:33,17.48,52.53,BuildingB_Floor2,TypeC
1046,2025-04-08 07:00:27,26.03,32.86,BuildingB_Floor2,TypeB
1074,2025-04-08 19:23:10,21.59,47.01,BuildingB_Floor2,TypeB
1058,2025-04-10 18:57:27,29.03,71.56,BuildingA_Floor1,TypeC
1098,2025-04-11 11:20:56,18.68,51.38,BuildingA_Floor2,TypeA
1022,2025-04-08 18:21:56,27.11,74.03,BuildingA_Floor1,TypeC
1030,2025-04-11 18:28:02,28.04,78.35,BuildingB_Floor2,TypeB
1023,2025-04-10 13:07:41,25.2,75.78,BuildingA_Floor1,TypeB
1066,2025-04-08 02:11:18,18.77,31.28,BuildingA_Floor2,TypeC
1048,2025-04-10 16:28:33,29.55,30.08,BuildingB_Floor2,TypeC
1093,2025-04-11 19:54:30,24.48,75.74,BuildingA_Floor1,TypeC
1049,2025-04-07 02:37:03,21.88,57.02,BuildingB_Floor1,TypeC
1008,2025-04-07 09:12:09,27.13,79.62,BuildingA_Floor2,TypeC
1036,2025-04-09 12:41:29,21.71,43.83,BuildingB_Floor1,TypeA
1100,2025-04-06 23:26:25,22.99,50.88,BuildingA_Floor2,TypeA
1092,2025-04-11 08:46:20,22.41,37.91,BuildingA_Floor2,TypeB
1025,2025-04-09 22:07:22,24.01,49.75,BuildingA_Floor2,TypeC
1036,2025-04-11 14:14:36,16.65,54.46,BuildingA_Floor2,TypeB
1054,2025-04-08 17:17:38,22.54,66.06,BuildingA_Floor2,TypeB
1051,2025-04-10 03:51:57,19.98,53.16,BuildingB_Floor1,TypeC
1036,2025-04-11 12:56:12,32.91,64.26,BuildingA_Floor1,TypeC
1034,2025-04-08 21:45:38,30.46,76.49,BuildingA_Floor2,TypeA
1011,2025-04-08 13:21:47,30.25,63.73,BuildingB_Floor1,TypeB
1045,2025-04-10 20:11:34,24.81,57.86,BuildingA_Floor1,TypeA
1007,2025-04-09 22:10:04,30.58,46.29,BuildingA_Floor1,TypeA
1027,2025-04-08 10:50:17,29.75,43.76,BuildingA_Floor1,TypeB
1042,2025-04-10 09:25:31,27.83,72.3,BuildingA_Floor1,TypeC
1083,2025-04-07 11:18:48,29.24,64.74,BuildingB_Floor1,TypeB
1094,2025-04-11 07:26:28,18.83,62.91,BuildingA_Floor1,TypeA
1095,2025-04-09 03:26:54,15.41,68.58,BuildingA_Floor2,TypeB
1048,2025-04-08 01:09:19,19.31,62.45,BuildingA_Floor2,TypeB
1024,2025-04-11 10:01:42,22.11,48.99,BuildingB_Floor2,TypeB
1024,2025-04-07 02:23:33,29.03,64.22,BuildingA_Floor1,TypeA
1028,2025-04-09 22:22:37,20.73,73.94,BuildingB_Floor1,TypeA
1078,2025-04-06 23:51:03,29.41,38.44,BuildingA_Floor1,TypeB
1090,2025-04-09 04:52:42,20.66,57.1,BuildingA_Floor2,TypeB
1069,2025-04-08 20:58:46,33.7,46.41,BuildingA_Floor1,TypeA
1057,2025-04-07 21:27:26,27.85,44.45,BuildingA_Floor2,TypeC
1099,2025-04-09 11:03:50,31.34,50.07,BuildingB_Floor1,TypeC
1037,2025-04-08 01:32:06,19.19,38.58,BuildingB_Floor1,TypeA
1053,2025-04-10 14:28:49,25.34,70.18,BuildingB_Floor2,TypeA
1051,2025-04-08 03:02:06,21.24,56.09,BuildingA_Floor1,TypeA
1018,2025-04-09 00:53:39,26.48,76.09,BuildingA_Floor1,TypeB
1087,2025-04-11 03:06:47,28.77,56.33,BuildingB_Floor1,TypeB
1003,2025-04-09 04:49:42,17.37,63.07,BuildingA_Floor2,TypeB
1000,2025-04-07 02:04:17,15.12,31.28,BuildingA_Floor2,TypeC
1044,2025-04-09 02:57:19,21.55,46.87,BuildingA_Floor1,TypeB
1078,2025-04-09 06:19:33,31.02,58.16,BuildingA_Floor1,TypeB
1058,2025-04-07 06:56:38,29.27,58.55,BuildingB_Floor2,TypeC
1089,2025-04-10 11:35:15,15.23,78.49,BuildingB_Floor1,TypeA
1037,2025-04-11 00:44:54,31.13,54.26,BuildingB_Floor1,TypeC
1070,2025-04-10 20:41:43,19.7,70.17,BuildingB_Floor2,TypeB
1046,2025-04-07 13:21:12,19.19,66.99,BuildingA_Floor2,TypeC
1041,2025-04-09 15:03:27,19.16,79.21,BuildingB_Floor2,TypeC
1020,2025-04-09 15:48:27,20.35,76.02,BuildingB_Floor2,TypeB
1087,2025-04-11 16:28:51,27.32,55.53,BuildingA_Floor1,TypeC
1037,2025-04-07 16:11:19,30.21,42.16,BuildingB_Floor2,TypeA
1060,2025-04-10 16:55:07,23.28,49.49,BuildingA_Floor2,TypeC
1073,2025-04-08 19:37:25,17.35,66.7,BuildingB_Floor1,TypeA
1005,2025-04-07 10:52:31,30.63,57.47,BuildingB_Floor1,TypeA
1066,2025-04-10 14:18:06,18.2,76.1,BuildingB_Floor1,TypeA
1054,2025-04-09 13:57:55,32.73,44.71,BuildingB_Floor1,TypeA
1055,2025-04-10 09:22:54,21.8,44.86,BuildingA_Floor2,TypeB
1088,2025-04-08 19:14:51,30.91,72.2,BuildingB_Floor1,TypeC
1062,2025-04-09 06:51:53,16.19,39.49,BuildingA_Floor1,TypeA
1083,2025-04-07 14:15:55,34.49,39.45,BuildingA_Floor1,TypeB
1100,2025-04-11 07:26:23,15.92,60.95,BuildingA_Floor2,TypeA
1068,2025-04-07 01:23:36,33.88,30.2,BuildingA_Floor1,TypeA
1094,2025-04-08 21:04:29,34.04,34.5,BuildingA_Floor1,TypeB
1008,2025-04-10 12:38:32,32.47,62.93,BuildingB_Floor2,TypeA
1058,2025-04-08 04:49:41,22.83,66.11,BuildingA_Floor1,TypeB
1000,2025-04-11 07:02:33,25.32,48.22,BuildingA_Floor2,TypeC
1005,2025-04-08 18:18:24,15.74,34.86,BuildingA_Floor2,TypeC
1039,2025-04-09 13:36:13,22.3,77.95,BuildingA_Floor2,TypeB
1068,2025-04-07 20:33:33,17.42,42.36,BuildingB_Floor1,TypeC
1069,2025-04-07 00:32:46,29.18,41.01,BuildingA_Floor1,TypeC
1098,2025-04-11 11:32:56,21.33,53.42,BuildingB_Floor2,TypeA
1005,2025-04-10 20:29:00,29.04,79.53,BuildingB_Floor2,TypeC
1001,2025-04-11 11:57:57,27.25,65.88,BuildingA_Floor1,TypeA
1013,2025-04-10 13:46:17,17.98,78.46,BuildingB_Floor1,TypeA
1055,2025-04-09 11:51:56,22.29,58.84,BuildingA_Floor2,TypeA
1075,2025-04-09 13:47:35,22.29,43.9,BuildingB_Floor2,TypeB
1034,2025-04-11 20:13:03,25.03,58.11,BuildingA_Floor1,TypeC
1017,2025-04-08 23:16:28,32.78,59.75,BuildingA_Floor1,TypeA
1038,2025-04-09 21:08:18,25.61,59.27,BuildingA_Floor2,TypeC
1016,2025-04-08 09:22:47,24.51,41.0,BuildingB_Floor2,TypeA
1055,2025-04-07 17:11:47,29.92,38.12,BuildingA_Floor1,TypeB
1092,2025-04-09 22:49:13,34.2,44.22,BuildingA_Floor2,TypeC
1036,2025-04-08 01:02:40,24.23,62.41,BuildingB_Floor2,TypeA
1084,2025-04-10 03:40:38,29.95,53.06,BuildingA_Floor1,TypeA
1050,2025-04-09 07:18:42,22.74,67.68,BuildingB_Floor2,TypeA
1060,2025-04-07 18:10:14,15.02,44.72,BuildingB_Floor2,TypeB
1094,2025-04-09 00:28:18,15.64,70.85,BuildingA_Floor2,TypeC
1006,2025-04-10 08:26:42,20.45,53.58,BuildingA_Floor2,TypeC
1028,2025-04-08 15:55:33,21.72,65.29,BuildingB_Floor1,TypeA
1001,2025-04-10 21:38:08,15.35,32.03,BuildingA_Floor2,TypeB
1082,2025-04-10 13:20:02,20.4,33.01,BuildingB_Floor1,TypeB
1088,2025-04-09 22:39:09,32.87,59.38,BuildingA_Floor2,TypeA
1084,2025-04-11 19:48:24,30.23,55.1,BuildingA_Floor2,TypeC
1007,2025-04-11 17:13:22,22.64,67.46,BuildingB_Floor1,TypeA
1050,2025-04-11 15:35:59,33.92,61.21,BuildingA_Floor2,TypeC
1019,2025-04-09 23:49:31,31.15,56.25,BuildingA_Floor1,TypeB
1087,2025-04-11 14:57:07,26.03,79.5,BuildingA_Floor1,TypeC
1020,2025-04-10 08:56:01,34.39,74.05,BuildingA_Floor1,TypeB
1041,2025-04-10 13:59:55,21.76,77.62,BuildingA_Floor1,TypeC
1078,2025-04-11 17:51:37,21.04,78.19,BuildingB_Floor2,TypeC
1006,2025-04-11 18:43:43,24.72,34.34,BuildingA_Floor1,TypeA
1032,2025-04-08 21:30:00,18.01,40.2,BuildingB_Floor1,TypeC
1042,2025-04-07 23:51:09,23.68,57.72,BuildingB_Floor1,TypeA
1042,2025-04-10 00:01:02,29.08,60.57,BuildingA_Floor2,TypeB
1048,2025-04-07 15:50:58,27.13,77.78,BuildingB_Floor1,TypeC
1034,2025-04-09 22:32:53,21.52,79.3,BuildingA_Floor1,TypeB
1010,2025-04-08 15:42:14,30.86,75.58,BuildingA_Floor2,TypeC
1008,2025-04-07 22:24:02,32.67,31.97,BuildingA_Floor1,TypeA
1052,2025-04-11 05:01:22,26.5,31.55,BuildingA_Floor2,TypeB
1069,2025-04-11 17:30:16,22.58,47.27,BuildingB_Floor2,TypeB
1048,2025-04-07 00:06:53,22.36,35.04,BuildingA_Floor1,TypeC
1002,2025-04-08 15:24:46,34.83,61.85,BuildingA_Floor1,TypeB
1011,2025-04-11 02:32:38,18.53,48.24,BuildingB_Floor1,TypeB
1007,2025-04-08 22:50:24,30.6,35.88,BuildingB_Floor1,TypeB
1039,2025-04-11 06:46:44,28.42,61.66,BuildingB_Floor2,TypeB
1086,2025-04-11 17:08:01,28.92,44.61,BuildingB_Floor1,TypeB
1044,2025-04-09 10:00:36,22.2,45.03,BuildingA_Floor1,TypeA
1027,2025-04-09 10:39:03,31.46,49.83,BuildingA_Floor2,TypeA
1085,2025-04-07 06:16:19,34.94,32.61,BuildingB_Floor2,TypeB
1100,2025-04-08 08:05:05,17.61,39.91,BuildingA_Floor1,TypeA
1048,2025-04-07 07:05:00,24.23,67.01,BuildingA_Floor1,TypeA
1017,2025-04-09 15:23:04,31.11,77.25,BuildingB_Floor1,TypeC
1090,2025-04-09 06:17:42,23.94,75.08,BuildingB_Floor1,TypeC
1083,2025-04-08 23:01:52,15.28,46.0,BuildingB_Floor1,TypeC
1038,2025-04-10 09:52:19,25.17,38.39,BuildingA_Floor2,TypeB
1009,2025-04-07 17:31:05,28.38,58.31,BuildingB_Floor1,TypeA
1075,2025-04-09 19:38:32,22.3,73.45,BuildingA_Floor1,TypeB
1070,2025-04-10 05:55:59,15.98,71.47,BuildingB_Floor1,TypeA
1095,2025-04-07 00:26:42,30.88,57.58,BuildingA_Floor1,TypeA
1015,2025-04-10 00:08:50,24.96,45.23,BuildingB_Floor1,TypeB
1078,2025-04-07 23:34:59,27.49,45.94,BuildingB_Floor1,TypeB
1012,2025-04-08 06:31:19,19.38,42.84,BuildingB_Floor1,TypeC
1019,2025-04-11 01:14:43,18.24,36.23,BuildingB_Floor2,TypeC
1075,2025-04-11 09:30:12,15.83,71.28,BuildingA_Floor2,TypeB
1076,2025-04-10 23:56:24,33.23,74.56,BuildingA_Floor2,TypeC
1092,2025-04-08 06:23:57,33.33,73.9,BuildingB_Floor1,TypeA
1052,2025-04-07 21:49:49,16.53,63.62,BuildingB_Floor2,TypeC
1093,2025-04-11 17:57:53,16.45,53.35,BuildingB_Floor2,TypeC
1047,2025-04-08 21:35:06,29.55,71.09,BuildingB_Floor2,TypeC
1012,2025-04-10 09:38:48,20.94,76.17,BuildingA_Floor1,TypeB
1046,2025-04-09 18:58:04,23.38,37.72,BuildingA_Floor2,TypeB
1076,2025-04-07 09:29:24,26.41,54.41,BuildingA_Floor1,TypeA
1096,2025-04-10 06:13:50,15.17,47.4,BuildingA_Floor1,TypeB
1002,2025-04-07 09:46:37,34.64,52.54,BuildingB_Floor1,TypeA
1073,2025-04-08 16:29:07,26.45,74.37,BuildingA_Floor1,TypeA
1040,2025-04-11 14:41:33,28.57,36.46,BuildingB_Floor2,TypeC
1033,2025-04-09 10:23:33,33.16,35.67,BuildingB_Floor1,TypeC
1041,2025-04-09 16:16:50,28.28,79.06,BuildingA_Floor2,TypeB
1066,2025-04-07 02:53:16,31.03,43.56,BuildingB_Floor2,TypeB
1099,2025-04-08 09:23:17,25.45,62.9,BuildingB_Floor1,TypeB
1073,2025-04-07 02:43:34,23.38,79.44,BuildingB_Floor1,TypeB
1007,2025-04-09 01:44:06,16.02,65.29,BuildingA_Floor2,TypeB
1045,2025-04-08 03:50:57,29.79,43.84,BuildingA_Floor2,TypeA
1069,2025-04-08 05:04:26,19.15,50.9,BuildingA_Floor1,TypeA
1081,2025-04-10 18:35:43,30.53,53.27,BuildingB_Floor1,TypeC
1008,2025-04-09 06:18:59,25.31,73.09,BuildingA_Floor1,TypeA
1050,2025-04-09 05:22:42,16.4,39.56,BuildingA_Floor1,TypeA
1015,2025-04-07 14:35:27,21.74,71.84,BuildingA_Floor1,TypeC
1073,2025-04-09 05:18:23,25.42,41.17,BuildingB_Floor1,TypeA
1054,2025-04-07 05:25:07,25.12,74.06,BuildingB_Floor2,TypeA
1026,2025-04-10 15:46:20,17.11,54.06,BuildingB_Floor1,TypeB
1035,2025-04-08 04:54:36,23.72,52.06,BuildingB_Floor1,TypeC
1035,2025-04-11 06:34:57,28.15,42.66,BuildingA_Floor1,TypeA
1075,2025-04-06 21:20:45,33.27,34.64,BuildingB_Floor1,TypeA
1062,2025-04-09 02:20:06,26.38,36.69,BuildingB_Floor2,TypeB
1067,2025-04-11 11:28:58,24.22,52.57,BuildingB_Floor1,TypeB
1100,2025-04-08 14:57:23,25.45,75.92,BuildingA_Floor2,TypeC
1081,2025-04-07 23:43:52,23.95,38.48,BuildingA_Floor2,TypeA
1019,2025-04-09 17:41:28,22.12,62.8,BuildingB_Floor2,TypeA
1000,2025-04-11 04:47:11,21.07,52.17,BuildingA_Floor2,TypeA
1028,2025-04-07 06:28:57,27.75,75.67,BuildingB_Floor2,TypeC
1073,2025-04-07 20:25:16,29.81,72.53,BuildingB_Floor1,TypeC
1039,2025-04-08 10:21:39,20.03,47.8,BuildingA_Floor1,TypeB
1028,2025-04-11 01:26:08,21.56,54.5,BuildingA_Floor2,TypeC
1068,2025-04-08 03:40:47,19.75,38.7,BuildingB_Floor2,TypeA
1043,2025-04-07 21:53:06,24.01,50.08,BuildingB_Floor1,TypeC
1036,2025-04-11 11:34:00,22.11,36.73,BuildingA_Floor2,TypeA
1004,2025-04-08 10:41:28,20.11,51.8,BuildingB_Floor2,TypeA
1044,2025-04-11 18:37:13,16.62,41.16,BuildingB_Floor2,TypeC
1056,2025-04-07 07:17:43,24.0,51.22,BuildingA_Floor1,TypeB
1034,2025-04-11 18:01:20,23.44,46.57,BuildingB_Floor2,TypeA
1082,2025-04-10 13:49:24,17.36,56.89,BuildingA_Floor1,TypeB
1081,2025-04-07 08:43:23,26.22,32.1,BuildingA_Floor1,TypeA
1099,2025-04-09 13:48:11,27.42,55.76,BuildingA_Floor1,TypeC
1039,2025-04-06 23:44:21,25.82,66.32,BuildingB_Floor1,TypeA
1024,2025-04-10 19:54:51,33.62,34.44,BuildingA_Floor1,TypeA
1028,2025-04-08 13:40:07,21.12,73.53,BuildingA_Floor2,TypeA
1039,2025-04-10 10:57:57,28.99,33.71,BuildingA_Floor2,TypeA
1089,2025-04-09 09:51:34,29.82,52.49,BuildingA_Floor1,TypeA
1079,2025-04-11 11:31:19,33.46,71.08,BuildingA_Floor2,TypeA
1043,2025-04-07 07:54:18,27.91,35.33,BuildingA_Floor2,TypeC
1055,2025-04-08 21:50:02,16.92,65.44,BuildingA_Floor2,TypeA
1009,2025-04-11 02:35:51,30.23,52.4,BuildingA_Floor2,TypeA
1062,2025-04-07 23:38:11,34.08,78.21,BuildingA_Floor1,TypeA
1092,2025-04-08 14:42:54,31.24,40.87,BuildingB_Floor2,TypeB
1028,2025-04-11 15:12:45,18.14,49.14,BuildingA_Floor2,TypeB
1074,2025-04-10 02:22:47,24.44,32.71,BuildingB_Floor1,TypeB
1010,2025-04-09 01:52:26,28.0,35.82,BuildingB_Floor2,TypeB
1075,2025-04-08 16:16:44,29.5,66.66,BuildingA_Floor2,TypeB
1014,2025-04-08 15:34:26,20.23,71.8,BuildingA_Floor1,TypeC
1028,2025-04-11 17:06:08,29.08,50.03,BuildingB_Floor1,TypeC
1066,2025-04-11 19:59:40,26.43,41.11,BuildingA_Floor1,TypeA
1095,2025-04-07 13:45:05,30.82,43.44,BuildingA_Floor1,TypeB
1046,2025-04-08 19:21:24,27.51,64.69,BuildingA_Floor1,TypeC
1066,2025-04-08 01:21:55,21.18,64.9,BuildingA_Floor1,TypeC
1006,2025-04-08 18:17:42,28.67,60.42,BuildingB_Floor1,TypeA
1077,2025-04-09 11:06:50,23.36,33.57,BuildingB_Floor1,TypeB
1052,2025-04-09 16:39:07,26.31,78.86,BuildingA_Floor2,TypeC
1086,2025-04-10 13:53:55,16.26,73.76,BuildingB_Floor1,TypeA
1025,2025-04-09 08:51:46,18.64,46.91,BuildingA_Floor2,TypeA
1084,2025-04-07 06:24:30,19.74,73.74,BuildingA_Floor1,TypeB
1088,2025-04-09 00:22:43,28.75,55.13,BuildingB_Floor1,TypeB
1000,2025-04-09 08:19:50,17.18,42.22,BuildingA_Floor2,TypeB
1095,2025-04-08 07:14:23,23.09,71.37,BuildingA_Floor1,TypeA
1079,2025-04-07 14:39:29,30.07,34.25,BuildingA_Floor2,TypeB
1055,2025-04-10 21:34:02,19.04,61.46,BuildingB_Floor2,TypeA
1057,2025-04-09 15:22:43,24.54,50.96,BuildingB_Floor2,TypeB
1067,2025-04-06 21:53:34,29.98,60.22,BuildingA_Floor1,TypeC
1001,2025-04-11 02:50:10,21.37,51.44,BuildingB_Floor1,TypeB
1038,2025-04-07 16:38:47,32.58,39.28,BuildingB_Floor1,TypeA
1056,2025-04-10 21:19:53,33.26,52.82,BuildingB_Floor2,TypeC
1062,2025-04-11 17:42:04,16.0,46.45,BuildingA_Floor2,TypeC
1074,2025-04-10 10:53:27,16.99,39.52,BuildingA_Floor1,TypeC
1003,2025-04-07 16:01:12,28.36,41.56,BuildingA_Floor1,TypeC
1050,2025-04-10 23:24:47,19.24,38.63,BuildingB_Floor1,TypeB
1040,2025-04-09 07:05:21,28.81,41.45,BuildingB_Floor1,TypeC
1028,2025-04-10 07:15:28,17.76,31.88,BuildingB_Floor1,TypeC
1028,2025-04-07 22:28:49,16.72,50.69,BuildingB_Floor2,TypeA
1007,2025-04-08 11:03:44,16.41,59.74,BuildingB_Floor1,TypeA
1041,2025-04-09 18:39:34,27.77,31.58,BuildingA_Floor2,TypeA
1065,2025-04-08 04:15:19,25.15,66.58,BuildingB_Floor2,TypeB
1051,2025-04-09 08:51:51,20.05,67.97,BuildingB_Floor1,TypeC
1037,2025-04-07 18:01:27,24.14,51.09,BuildingA_Floor2,TypeB
1025,2025-04-08 06:53:28,24.95,63.46,BuildingB_Floor1,TypeC
1044,2025-04-10 17:35:04,26.04,50.78,BuildingA_Floor2,TypeC
1031,2025-04-10 16:47:52,34.51,46.52,BuildingA_Floor1,TypeB
1057,2025-04-10 14:48:09,22.66,79.8,BuildingB_Floor1,TypeA
1078,2025-04-08 21:35:46,15.39,35.27,BuildingB_Floor2,TypeA
1033,2025-04-11 15:21:54,30.27,45.31,BuildingB_Floor2,TypeA
1020,2025-04-08 12:18:51,31.23,68.25,BuildingA_Floor1,TypeB
1027,2025-04-06 23:43:19,22.33,57.25,BuildingA_Floor1,TypeC
1023,2025-04-09 10:05:21,20.99,78.23,BuildingB_Floor2,TypeB
1085,2025-04-10 13:00:22,30.11,35.66,BuildingA_Floor1,TypeA
1080,2025-04-10 21:30:45,31.86,67.83,BuildingA_Floor1,TypeB
1062,2025-04-11 00:33:23,22.82,60.15,BuildingB_Floor1,TypeB
1015,2025-04-09 04:04:48,26.82,50.65,BuildingA_Floor2,TypeB
1080,2025-04-10 17:19:39,21.53,78.86,BuildingA_Floor1,TypeA
1037,2025-04-11 15:12:06,17.56,40.72,BuildingA_Floor1,TypeC
1054,2025-04-09 03:26:15,26.88,49.64,BuildingB_Floor1,TypeB
1042,2025-04-09 02:52:23,23.74,48.9,BuildingA_Floor1,TypeB
1060,2025-04-11 06:26:33,17.44,73.58,BuildingA_Floor2,TypeB
1016,2025-04-10 21:13:46,27.23,73.55,BuildingA_Floor1,TypeA
1041,2025-04-08 08:30:10,19.71,62.73,BuildingA_Floor1,TypeC
1061,2025-04-09 08:29:51,34.94,74.93,BuildingB_Floor2,TypeB
1050,2025-04-08 07:23:14,27.31,76.93,BuildingB_Floor2,TypeA
1100,2025-04-10 14:42:31,16.57,35.27,BuildingA_Floor2,TypeC
1050,2025-04-09 02:27:39,31.95,36.74,BuildingB_Floor2,TypeA
1030,2025-04-07 13:05:17,32.07,33.09,BuildingB_Floor1,TypeB
1097,2025-04-08 15:59:27,23.1,42.82,BuildingB_Floor2,TypeA
1026,2025-04-11 14:52:34,23.26,57.06,BuildingB_Floor2,TypeB
1060,2025-04-08 13:32:03,25.99,31.9,BuildingA_Floor1,TypeC
1004,2025-04-11 12:53:18,19.87,61.54,BuildingB_Floor1,TypeA
1047,2025-04-10 04:44:05,23.4,52.49,BuildingA_Floor2,TypeC
1032,2025-04-09 11:15:34,27.12,37.03,BuildingB_Floor2,TypeB
1027,2025-04-09 05:00:34,26.85,49.41,BuildingA_Floor2,TypeB
1051,2025-04-11 00:54:30,15.95,44.75,BuildingA_Floor1,TypeB
1073,2025-04-09 22:05:12,27.11,53.04,BuildingB_Floor2,TypeB
1033,2025-04-06 22:11:59,20.88,34.81,BuildingA_Floor1,TypeA
1078,2025-04-07 16:06:37,24.81,46.23,BuildingA_Floor2,TypeB
1051,2025-04-07 06:08:21,15.36,72.57,BuildingB_Floor1,TypeB
1055,2025-04-06 23:28:30,27.17,58.19,BuildingA_Floor2,TypeC
1057,2025-04-07 08:41:56,17.69,71.77,BuildingA_Floor2,TypeB
1006,2025-04-08 20:16:49,15.59,56.81,BuildingB_Floor2,TypeB
1031,2025-04-11 18:08:38,24.79,59.61,BuildingA_Floor2,TypeA
1098,2025-04-10 05:30:53,32.05,58.25,BuildingB_Floor2,TypeC
1000,2025-04-08 08:56:23,20.7,30.56,BuildingA_Floor1,TypeB
1055,2025-04-10 20:12:55,29.7,32.7,BuildingB_Floor2,TypeC
1050,2025-04-10 23:23:22,22.2,32.72,BuildingA_Floor2,TypeC
1008,2025-04-08 17:38:24,22.71,39.29,BuildingB_Floor2,TypeA
1012,2025-04-11 01:55:58,31.6,66.05,BuildingA_Floor1,TypeC
1051,2025-04-07 05:16:34,16.11,69.44,BuildingA_Floor1,TypeA
1053,2025-04-07 08:34:02,31.93,40.36,BuildingB_Floor1,TypeC
1005,2025-04-11 07:17:30,18.35,36.69,BuildingA_Floor2,TypeA
1073,2025-04-07 04:20:37,16.34,62.44,BuildingB_Floor2,TypeC
1012,2025-04-07 18:17:26,32.94,72.29,BuildingA_Floor1,TypeC
1057,2025-04-11 15:28:25,18.96,34.14,BuildingA_Floor1,TypeA
1000,2025-04-08 18:29:27,17.76,47.84,BuildingA_Floor2,TypeA
1097,2025-04-08 00:33:10,23.86,77.88,BuildingB_Floor1,TypeB
1017,2025-04-10 23:16:43,16.25,47.36,BuildingA_Floor2,TypeC
1020,2025-04-10 10:48:41,30.47,62.42,BuildingB_Floor1,TypeC
1036,2025-04-07 20:01:00,25.37,72.69,BuildingB_Floor2,TypeC
1009,2025-04-10 22:14:28,29.73,76.42,BuildingA_Floor2,TypeA
1022,2025-04-08 15:59:50,25.51,60.7,BuildingB_Floor1,TypeB
1087,2025-04-08 16:43:21,18.66,56.94,BuildingA_Floor1,TypeB
1091,2025-04-11 05:35:10,22.93,41.33,BuildingA_Floor2,TypeC
1042,2025-04-08 23:11:55,17.85,58.66,BuildingB_Floor2,TypeC
1086,2025-04-10 18:15:22,23.73,77.61,BuildingA_Floor1,TypeB
1070,2025-04-11 04:03:41,25.93,38.37,BuildingA_Floor2,TypeC
1033,2025-04-07 04:45:22,30.16,55.97,BuildingA_Floor2,TypeC
1011,2025-04-07 12:48:56,33.53,54.87,BuildingB_Floor2,TypeA
1071,2025-04-09 02:30:32,28.9,79.21,BuildingA_Floor1,TypeC
1067,2025-04-08 00:48:40,17.95,40.9,BuildingA_Floor2,TypeA
1001,2025-04-09 20:58:43,34.7,46.82,BuildingA_Floor2,TypeC
1032,2025-04-10 22:51:12,19.45,63.78,BuildingB_Floor2,TypeB
1098,2025-04-11 15:27:46,21.31,52.49,BuildingA_Floor2,TypeB
1035,2025-04-08 14:59:51,20.17,33.95,BuildingB_Floor1,TypeB
1032,2025-04-09 10:30:47,16.17,40.69,BuildingA_Floor1,TypeA
1020,2025-04-08 03:28:53,24.65,67.63,BuildingB_Floor1,TypeB
1011,2025-04-10 12:13:57,23.42,40.7,BuildingB_Floor1,TypeB
1019,2025-04-10 13:46:32,30.62,71.57,BuildingB_Floor1,TypeA
1002,2025-04-11 08:46:42,15.27,36.42,BuildingB_Floor1,TypeB
1014,2025-04-06 23:04:57,25.03,34.15,BuildingA_Floor1,TypeB
1026,2025-04-08 06:49:34,16.97,38.86,BuildingA_Floor2,TypeA
1018,2025-04-11 18:17:14,27.29,72.6,BuildingA_Floor1,TypeA
1069,2025-04-07 04:09:03,16.18,45.77,BuildingA_Floor2,TypeA
1014,2025-04-09 01:39:33,32.53,77.25,BuildingA_Floor1,TypeB
1079,2025-04-10 00:46:53,16.49,65.44,BuildingA_Floor1,TypeB
1083,2025-04-10 23:51:01,31.59,72.52,BuildingA_Floor1,TypeC
1096,2025-04-07 06:14:31,29.3,46.68,BuildingB_Floor1,TypeB
1036,2025-04-08 14:54:42,24.06,72.52,BuildingA_Floor1,TypeB
1042,2025-04-07 12:29:53,16.78,76.26,BuildingA_Floor1,TypeC
1059,2025-04-07 09:53:02,33.99,40.44,BuildingB_Floor1,TypeC
1039,2025-04-11 11:47:37,21.46,70.09,BuildingA_Floor2,TypeB
1074,2025-04-09 07:34:25,28.72,69.94,BuildingB_Floor1,TypeC
1008,2025-04-10 08:44:25,18.03,78.58,BuildingB_Floor1,TypeA
1067,2025-04-09 22:57:30,27.5,68.5,BuildingB_Floor2,TypeA
1025,2025-04-10 06:02:54,27.28,49.13,BuildingA_Floor1,TypeC
1067,2025-04-07 20:30:42,30.47,40.87,BuildingB_Floor2,TypeB
1042,2025-04-07 13:49:39,34.54,36.72,BuildingA_Floor2,TypeC
1072,2025-04-10 09:07:14,34.15,66.39,BuildingB_Floor2,TypeB
1059,2025-04-09 08:06:58,15.55,57.0,BuildingA_Floor1,TypeB
1033,2025-04-09 23:53:50,33.2,76.69,BuildingB_Floor1,TypeC
1066,2025-04-10 20:06:35,24.73,73.21,BuildingA_Floor1,TypeC
1038,2025-04-06 21:22:44,25.87,63.05,BuildingB_Floor1,TypeC
1009,2025-04-07 14:23:40,16.87,46.45,BuildingB_Floor1,TypeA
1005,2025-04-10 00:54:34,16.15,49.42,BuildingA_Floor2,TypeC
1042,2025-04-08 14:42:33,34.33,70.83,BuildingB_Floor1,TypeA
1016,2025-04-11 13:48:56,15.31,65.53,BuildingA_Floor2,TypeC
1026,2025-04-11 11:57:01,30.0,33.28,BuildingA_Floor1,TypeB
1021,2025-04-11 19:01:13,21.68,35.43,BuildingB_Floor2,TypeB
1037,2025-04-10 11:25:06,17.03,76.96,BuildingA_Floor2,TypeB
1021,2025-04-08 16:19:33,27.9,63.47,BuildingB_Floor1,TypeC
1075,2025-04-11 04:23:35,21.58,41.38,BuildingA_Floor2,TypeA
1037,2025-04-09 13:30:13,31.52,76.76,BuildingB_Floor2,TypeC
1006,2025-04-07 14:10:45,31.97,62.66,BuildingA_Floor1,TypeC
1092,2025-04-10 16:52:46,17.82,42.93,BuildingA_Floor2,TypeB
1050,2025-04-08 07:55:36,23.45,46.09,BuildingB_Floor2,TypeC
1067,2025-04-08 01:51:50,21.86,33.2,BuildingA_Floor1,TypeC
1054,2025-04-11 15:18:05,26.94,56.66,BuildingA_Floor1,TypeB
1097,2025-04-07 21:21:46,20.27,51.12,BuildingA_Floor1,TypeA
1051,2025-04-09 15:17:40,34.34,44.17,BuildingB_Floor2,TypeB
1037,2025-04-11 00:42:34,23.01,42.13,BuildingA_Floor2,TypeA
1010,2025-04-08 01:10:11,17.86,40.21,BuildingA_Floor2,TypeA
1088,2025-04-10 01:19:29,29.74,38.29,BuildingB_Floor1,TypeA
1051,2025-04-08 01:07:11,16.83,62.23,BuildingA_Floor2,TypeC
1042,2025-04-09 19:21:24,34.34,65.53,BuildingB_Floor2,TypeB
1080,2025-04-10 06:03:36,24.59,67.9,BuildingB_Floor2,TypeB
1022,2025-04-10 14:02:53,17.22,66.21,BuildingB_Floor1,TypeB
1001,2025-04-07 14:00:27,32.51,53.25,BuildingB_Floor2,TypeC
1096,2025-04-07 02:57:26,34.6,36.42,BuildingA_Floor2,TypeC
1062,2025-04-06 21:28:22,17.7,70.12,BuildingA_Floor2,TypeA
1086,2025-04-08 02:06:02,32.24,77.48,BuildingB_Floor2,TypeA
1078,2025-04-10 11:29:40,16.92,44.87,BuildingB_Floor2,TypeB
1008,2025-04-07 21:18:11,28.21,48.25,BuildingB_Floor1,TypeA
1029,2025-04-11 08:01:41,18.99,42.35,BuildingA_Floor1,TypeB
1018,2025-04-10 00:21:23,27.43,37.79,BuildingA_Floor2,TypeA
1041,2025-04-11 04:14:28,18.33,51.95,BuildingB_Floor2,TypeB
1008,2025-04-09 22:11:26,19.35,39.06,BuildingA_Floor1,TypeC
1040,2025-04-07 06:55:19,23.3,67.15,BuildingB_Floor2,TypeC
1091,2025-04-07 04:04:56,29.73,59.02,BuildingB_Floor2,TypeA
1029,2025-04-09 10:38:23,29.51,50.11,BuildingA_Floor2,TypeA
1067,2025-04-10 06:31:40,17.62,39.33,BuildingA_Floor2,TypeA
1055,2025-04-08 14:47:25,17.64,53.48,BuildingA_Floor1,TypeB
1013,2025-04-07 08:06:16,22.19,69.57,BuildingB_Floor2,TypeB
1087,2025-04-09 00:30:36,27.49,61.9,BuildingA_Floor1,TypeC
1016,2025-04-11 06:36:07,28.78,33.98,BuildingA_Floor2,TypeB
1083,2025-04-11 07:47:04,25.0,55.47,BuildingB_Floor1,TypeA
1000,2025-04-10 08:39:46,19.75,35.33,BuildingB_Floor2,TypeB
1040,2025-04-09 04:12:39,30.84,46.52,BuildingB_Floor1,TypeA
1042,2025-04-09 15:25:19,27.57,61.61,BuildingB_Floor2,TypeB
1092,2025-04-11 02:15:04,28.08,47.96,BuildingA_Floor2,TypeA
1026,2025-04-08 17:24:01,15.43,65.89,BuildingB_Floor1,TypeA
1037,2025-04-07 15:54:32,27.18,54.98,BuildingA_Floor1,TypeC
1080,2025-04-11 04:20:40,15.78,75.74,BuildingB_Floor1,TypeA
1045,2025-04-09 02:59:09,24.57,77.62,BuildingA_Floor2,TypeC
1073,2025-04-11 19:27:22,17.38,31.18,BuildingA_Floor2,TypeC
1043,2025-04-10 21:51:20,28.64,41.93,BuildingA_Floor2,TypeA
1070,2025-04-11 07:00:37,29.9,78.91,BuildingB_Floor1,TypeB
1056,2025-04-08 23:50:32,19.83,72.73,BuildingB_Floor1,TypeB
1005,2025-04-11 15:47:41,16.94,31.42,BuildingA_Floor2,TypeC
1029,2025-04-07 04:40:00,24.97,72.26,BuildingB_Floor1,TypeB
1010,2025-04-11 04:12:52,26.61,34.36,BuildingB_Floor1,TypeA
1042,2025-04-08 16:14:29,30.34,72.52,BuildingA_Floor1,TypeC
1083,2025-04-07 04:27:19,31.46,58.11,BuildingB_Floor1,TypeA
1022,2025-04-07 17:23:23,28.29,35.0,BuildingB_Floor1,TypeC
1043,2025-04-07 08:26:39,21.74,68.54,BuildingB_Floor2,TypeB
1006,2025-04-09 05:56:59,17.7,47.06,BuildingB_Floor2,TypeB
1068,2025-04-07 23:42:02,22.18,70.1,BuildingA_Floor1,TypeB
1028,2025-04-11 05:01:59,21.35,40.87,BuildingB_Floor2,TypeC
1067,2025-04-10 13:44:25,23.99,55.5,BuildingA_Floor2,TypeA
1068,2025-04-08 06:37:14,22.7,79.52,BuildingB_Floor1,TypeA
1031,2025-04-10 02:20:52,31.73,53.99,BuildingA_Floor2,TypeA
1032,2025-04-10 04:27:08,33.34,52.35,BuildingB_Floor2,TypeA
1080,2025-04-10 11:38:33,28.88,45.94,BuildingB_Floor2,TypeB
1045,2025-04-11 08:32:53,26.65,74.19,BuildingB_Floor1,TypeA
1020,2025-04-09 10:08:12,16.87,67.71,BuildingA_Floor2,TypeA
1080,2025-04-10 02:15:54,23.9,49.56,BuildingB_Floor1,TypeA
1089,2025-04-09 16:40:20,21.26,55.65,BuildingB_Floor2,TypeC
1039,2025-04-10 19:40:13,25.72,33.28,BuildingA_Floor2,TypeB
1059,2025-04-08 10:09:14,32.62,76.11,BuildingA_Floor1,TypeA
1087,2025-04-07 08:59:54,31.38,30.28,BuildingB_Floor1,TypeC
1043,2025-04-09 17:36:24,34.06,32.52,BuildingB_Floor2,TypeA
1007,2025-04-09 06:38:15,17.49,45.81,BuildingB_Floor1,TypeC
1013,2025-04-09 09:46:42,21.87,38.53,BuildingA_Floor2,TypeC
1090,2025-04-07 19:33:57,29.16,44.54,BuildingB_Floor2,TypeC
1074,2025-04-08 11:16:06,27.69,59.94,BuildingA_Floor2,TypeC
1033,2025-04-08 07:34:49,32.73,74.34,BuildingA_Floor2,TypeB
1030,2025-04-09 07:26:03,15.89,75.83,BuildingA_Floor1,TypeC
1013,2025-04-09 05:32:04,28.09,52.93,BuildingB_Floor1,TypeB
1029,2025-04-11 15:05:08,15.86,33.93,BuildingB_Floor1,TypeA
1079,2025-04-09 20:59:24,27.89,55.67,BuildingB_Floor1,TypeA
1079,2025-04-07 23:32:17,16.4,38.92,BuildingA_Floor2,TypeB
1033,2025-04-07 14:48:53,21.62,47.19,BuildingB_Floor1,TypeB
1065,2025-04-07 16:03:04,21.2,53.74,BuildingB_Floor1,TypeC
1067,2025-04-07 05:25:01,16.01,52.3,BuildingA_Floor1,TypeC
1023,2025-04-11 03:00:45,28.53,36.63,BuildingA_Floor2,TypeC
1034,2025-04-09 15:48:41,23.52,40.06,BuildingB_Floor1,TypeA
1092,2025-04-09 15:17:05,32.94,79.66,BuildingB_Floor1,TypeB
1061,2025-04-08 19:48:27,33.44,42.97,BuildingA_Floor2,TypeB
1006,2025-04-10 20:58:16,25.81,63.63,BuildingB_Floor1,TypeB
1093,2025-04-08 01:45:28,18.2,61.74,BuildingA_Floor2,TypeA
1099,2025-04-08 04:54:39,20.14,42.51,BuildingB_Floor2,TypeA
1070,2025-04-07 11:55:48,17.94,37.65,BuildingB_Floor2,TypeA
1073,2025-04-10 04:38:45,33.52,51.72,BuildingB_Floor1,TypeB
1061,2025-04-10 00:07:16,15.11,66.16,BuildingA_Floor2,TypeB
1073,2025-04-08 16:12:27,32.45,33.43,BuildingB_Floor2,TypeB
1015,2025-04-08 20:55:19,19.22,67.28,BuildingA_Floor1,TypeC
1067,2025-04-07 13:52:15,16.37,46.43,BuildingA_Floor1,TypeB
1008,2025-04-07 06:42:53,27.64,40.8,BuildingB_Floor2,TypeC
1064,2025-04-07 03:03:35,23.34,36.5,BuildingA_Floor2,TypeC
1037,2025-04-11 12:49:21,29.19,64.46,BuildingA_Floor1,TypeA
1073,2025-04-09 01:13:54,32.89,55.67,BuildingA_Floor1,TypeA
1064,2025-04-08 00:56:11,22.43,48.96,BuildingB_Floor1,TypeC
1092,2025-04-09 09:26:06,16.64,71.98,BuildingB_Floor2,TypeA
1033,2025-04-09 19:34:08,16.93,41.29,BuildingA_Floor1,TypeA
1065,2025-04-07 02:21:51,21.8,50.91,BuildingB_Floor1,TypeA
1052,2025-04-08 03:25:14,18.68,72.0,BuildingB_Floor1,TypeB
1052,2025-04-07 17:48:47,21.6,39.82,BuildingB_Floor1,TypeC
1005,2025-04-10 02:24:21,24.67,33.4,BuildingA_Floor2,TypeB
1031,2025-04-07 20:40:46,23.73,55.05,BuildingA_Floor2,TypeB
1031,2025-04-09 08:07:58,25.96,38.57,BuildingB_Floor1,TypeA
1068,2025-04-07 01:30:37,30.14,72.18,BuildingB_Floor2,TypeB
1075,2025-04-09 07:59:11,27.08,74.25,BuildingA_Floor1,TypeA
1050,2025-04-11 09:36:41,28.43,76.5,BuildingB_Floor2,TypeA
1068,2025-04-11 08:24:53,18.06,44.07,BuildingA_Floor2,TypeB
1045,2025-04-08 12:06:34,29.38,57.61,BuildingB_Floor1,TypeA
1010,2025-04-10 18:14:45,20.5,32.23,BuildingB_Floor1,TypeC
1100,2025-04-07 08:17:47,30.69,41.14,BuildingA_Floor1,TypeB
1058,2025-04-09 20:50:24,24.91,66.31,BuildingA_Floor1,TypeB
1076,2025-04-06 22:37:22,26.79,74.04,BuildingA_Floor1,TypeA
1077,2025-04-10 14:27:43,15.4,37.66,BuildingA_Floor2,TypeC
1021,2025-04-10 16:37:36,33.66,63.47,BuildingA_Floor2,TypeB
1024,2025-04-08 04:16:39,23.66,62.65,BuildingB_Floor1,TypeC
1076,2025-04-11 19:00:51,23.59,43.03,BuildingA_Floor1,TypeA
1033,2025-04-10 22:45:48,18.18,46.96,BuildingA_Floor2,TypeB
1096,2025-04-07 20:46:10,28.07,57.08,BuildingB_Floor1,TypeB
1035,2025-04-11 06:12:38,27.39,47.89,BuildingB_Floor1,TypeB
1004,2025-04-10 17:31:24,23.3,71.27,BuildingB_Floor1,TypeB
1061,2025-04-11 00:12:47,30.29,30.7,BuildingA_Floor1,TypeA
1036,2025-04-10 14:05:53,15.7,44.14,BuildingB_Floor2,TypeC
1084,2025-04-07 22:14:38,25.14,65.18,BuildingB_Floor2,TypeA
1001,2025-04-08 02:09:29,21.64,52.62,BuildingB_Floor2,TypeC
1072,2025-04-09 17:02:04,23.93,69.2,BuildingB_Floor1,TypeC
1034,2025-04-06 20:32:51,18.5,78.69,BuildingA_Floor1,TypeB
1081,2025-04-08 20:45:59,21.3,33.96,BuildingA_Floor1,TypeC
1063,2025-04-09 11:59:30,21.48,65.73,BuildingB_Floor2,TypeC
1066,2025-04-06 22:50:14,18.25,45.2,BuildingA_Floor1,TypeA
1069,2025-04-09 06:56:18,15.28,38.86,BuildingA_Floor1,TypeA
1057,2025-04-11 19:26:29,19.55,49.56,BuildingB_Floor1,TypeC
1050,2025-04-11 06:18:44,17.4,50.94,BuildingA_Floor1,TypeA
1073,2025-04-07 02:43:34,17.81,30.41,BuildingB_Floor2,TypeB
1003,2025-04-10 16:54:21,25.69,42.89,BuildingB_Floor1,TypeB
1088,2025-04-11 01:50:01,34.6,52.52,BuildingB_Floor2,TypeC
1024,2025-04-09 11:36:16,34.39,66.34,BuildingB_Floor1,TypeB
1054,2025-04-07 19:41:34,28.08,58.05,BuildingB_Floor2,TypeB
1003,2025-04-10 03:20:52,25.2,60.26,BuildingA_Floor1,TypeB
1065,2025-04-08 03:42:57,18.01,34.23,BuildingB_Floor1,TypeA
1090,2025-04-11 10:06:20,16.4,59.64,BuildingA_Floor1,TypeA
1096,2025-04-06 21:17:14,22.27,46.06,BuildingB_Floor1,TypeA
1089,2025-04-10 20:00:23,23.74,30.74,BuildingA_Floor2,TypeB
1086,2025-04-09 16:26:32,28.75,37.35,BuildingA_Floor2,TypeB
1079,2025-04-07 06:03:25,32.72,34.96,BuildingB_Floor1,TypeC
1009,2025-04-06 21:40:50,22.6,48.44,BuildingA_Floor2,TypeB
1031,2025-04-08 02:27:29,23.0,62.33,BuildingB_Floor2,TypeA
1051,2025-04-09 07:26:39,16.62,56.91,BuildingA_Floor2,TypeA
1042,2025-04-11 12:54:34,19.94,74.86,BuildingA_Floor1,TypeC
1000,2025-04-11 09:03:23,19.84,30.59,BuildingA_Floor2,TypeA
1075,2025-04-10 10:04:36,29.62,66.85,BuildingB_Floor2,TypeB
1057,2025-04-09 21:19:06,24.47,72.3,BuildingB_Floor1,TypeB
1040,2025-04-08 14:41:53,20.5,75.09,BuildingA_Floor2,TypeB
1009,2025-04-07 06:37:43,29.51,69.9,BuildingB_Floor2,TypeC
1034,2025-04-09 23:34:23,17.31,76.63,BuildingB_Floor1,TypeC
1036,2025-04-10 23:32:33,32.16,75.36,BuildingB_Floor1,TypeB
1011,2025-04-09 01:50:16,32.73,55.62,BuildingB_Floor1,TypeA
1063,2025-04-10 17:32:06,16.78,52.65,BuildingB_Floor2,TypeB
1092,2025-04-09 02:10:03,30.13,31.84,BuildingA_Floor2,TypeA
1066,2025-04-10 23:36:17,34.39,54.52,BuildingB_Floor1,TypeC
1066,2025-04-08 16:52:35,16.13,67.24,BuildingA_Floor1,TypeB
1092,2025-04-09 15:46:47,16.58,54.92,BuildingA_Floor2,TypeC
1098,2025-04-10 18:48:50,20.35,63.77,BuildingB_Floor2,TypeC
1084,2025-04-08 10:37:23,24.24,37.76,BuildingB_Floor1,TypeC
1012,2025-04-10 05:01:42,30.24,39.18,BuildingA_Floor2,TypeC
1092,2025-04-10 05:04:47,29.19,35.57,BuildingA_Floor2,TypeC
